<?xml version="1.0" encoding="UTF-8"?>
<project-private xmlns="http://www.netbeans.org/ns/project-private/1">
    <editor-bookmarks xmlns="http://www.netbeans.org/ns/editor-bookmarks/2" lastBookmarkId="0"/>
    <open-files xmlns="http://www.netbeans.org/ns/projectui-open-files/2">
        <group>
            <file>file:/C:/Users/alegr/OneDrive/Documentos/3%20NIVEL/Metodologias/ReservaSantander-V3/src/Interfaces_Recepcionista/Principal_Hotel.java</file>
            <file>file:/C:/Users/alegr/OneDrive/Documentos/3%20NIVEL/Metodologias/ReservaSantander-V3/src/Interfaces_Recepcionista/CheckOut.java</file>
        </group>
    </open-files>
</project-private>
